DELETE FROM prerequisite;
DELETE FROM course;
DELETE FROM section;
DELETE FROM teaches;
DELETE FROM takes;
DELETE FROM develops;
DELETE FROM knowledge_skill;
DELETE FROM has_skill;
DELETE FROM person;
DELETE FROM person_address;
DELETE FROM address;
DELETE FROM skill_category;
DELETE FROM requires;
DELETE FROM position;
DELETE FROM works;
DELETE FROM core_skill;
DELETE FROM job_pos;
DELETE FROM comp_pos;
DELETE FROM company;
DELETE FROM company_address;
DELETE FROM job_category;
DELETE FROM industry_company;
DELETE FROM belongs_to;
DELETE FROM gics;
DELETE FROM industry_group;

INSERT INTO job_category VALUES ('15-0000', null, 'Computer and Mathematical Occupations', null, null, null);
INSERT INTO job_category VALUES ('15-1200', null, 'Computer Occupations', null, null, '15-0000');
INSERT INTO job_category VALUES ('12-1210', null, 'Computer and Information Analysts', null, null, '15-1200');
INSERT INTO job_category VALUES ('15-1211', 'Computer Systems Analysts', 'Computer and Information Analysts', '90000', '60000', '15-1200');
INSERT INTO job_category VALUES ('15-1212', 'Information Security Analysts', 'Computer and Information Analysts', '90000', '70000', '15-1200');
INSERT INTO job_category VALUES ('15-1220', null, 'Computer and Information Research Scientists', null, null, '15-1200');
INSERT INTO job_category VALUES ('15-1221', 'Computer and Information Research Scientists', 'Computer and Information Research Scientists', '100000', '60000', '15-1220');
INSERT INTO job_category VALUES ('15-1230', null, 'Computer Support Specialists',null, null, '15-1200');
INSERT INTO job_category VALUES ('15-1231', 'Computer Network Support Specialists','Computer Support Specialists', '80000', '50000', '15-1230');
INSERT INTO job_category VALUES ('15-1232', 'Computer User Support Specialists', 'Computer Support Specialists', '70000', '40000', '15-1230');
INSERT INTO job_category VALUES ('15-1240', null, 'Database and Network Administrators and Architects',null, null, '15-1200');
INSERT INTO job_category VALUES ('15-1241', 'Computer Network Architects', 'Database and Network Administrators and Architects', '90000', '70000', '15-1240');
INSERT INTO job_category VALUES ('15-1242', 'Database Administrators', 'Database and Network Administrators and Architects', '80000', '60000','15-1240');
INSERT INTO job_category VALUES ('15-1243', 'Database Architects', 'Database and Network Administrators and Architects', '100000', '70000', '15-1240');
INSERT INTO job_category VALUES ('15-1244', 'Network and Computer Systems Administrators', 'Database and Network Administrators and Architects', '70000', '60000','15-1240');
INSERT INTO job_category VALUES ('15-1250', null, 'Software and Web Developers, Programmers, and Testers', null, null, '15-1200');
INSERT INTO job_category VALUES ('15-1251', 'Computer Programmers', 'Software and Web Developers, Programmers, and Testers', '70000', '50000', '15-1250');
INSERT INTO job_category VALUES ('15-1252', 'Software Developers', 'Software and Web Developers, Programmers, and Testers', '90000', '50000', '15-1250');
INSERT INTO job_category VALUES ('15-1253', 'Software Quality Assurance Analysts and Testers', 'Software and Web Developers, Programmers, and Testers', '60000', '40000','15-1250');
INSERT INTO job_category VALUES ('15-1254', 'Web Developers', 'Software and Web Developers, Programmers, and Testers', '70000', '40000', '15-1250');
INSERT INTO job_category VALUES ('15-1255', 'Web and Digital Interface Designers', 'Software and Web Developers, Programmers, and Testers', '70000', '30000', '15-1250');
INSERT INTO job_category VALUES ('15-1290', null, 'Miscellaneous Computer Occupations', null, null, '15-1200');
INSERT INTO job_category VALUES ('15-1291', 'Computer Occupations, All Remaining ', 'Software and Web Developers, Programmers, and Testers', '12000', '40000', '15-1290');

INSERT INTO knowledge_skill VALUES ('001', 'PSE', 'D', 'Java Developer', 'Develop code using efficient software design processes', 'beginner');
INSERT INTO knowledge_skill VALUES ('011', 'PSE', 'D', 'Java Developer', 'Develop code using efficient software design processes', 'medium');
INSERT INTO knowledge_skill VALUES ('021', 'PSE', 'D', 'Java Developer', 'Develop code using efficient software design processes', 'advanced');
INSERT INTO knowledge_skill VALUES ('002', 'PSE', 'E', 'Java Tester', 'Knowledge of system test procedures and test systems', 'beginner');
INSERT INTO knowledge_skill VALUES ('012', 'PSE', 'E', 'Java Tester', 'Knowledge of system test procedures and test systems', 'medium');
INSERT INTO knowledge_skill VALUES ('022', 'PSE', 'E', 'Java Tester', 'Knowledge of system test procedures and test systems', 'advanced');
INSERT INTO knowledge_skill VALUES ('003', 'DM', 'D', 'Web Designer', 'Knowledge of software design principles and practices', 'beginner');
INSERT INTO knowledge_skill VALUES ('013', 'DM', 'D', 'Web Designer', 'Knowledge of software design principles and practices', 'medium');
INSERT INTO knowledge_skill VALUES ('023', 'DM', 'D', 'Web Designer', 'Knowledge of software design principles and practices', 'advanced');
INSERT INTO knowledge_skill VALUES ('004', 'DDA', 'B', 'Database Developer', 'Knowledge of implementation and transition process', 'beginner');
INSERT INTO knowledge_skill VALUES ('014', 'DDA', 'B', 'Database Developer', 'Knowledge of implementation and transition process', 'medium');
INSERT INTO knowledge_skill VALUES ('024', 'DDA', 'B', 'Database Developer', 'Knowledge of implementation and transition process', 'advanced');
INSERT INTO knowledge_skill VALUES ('005', 'DDA', 'F', 'Database Tester', 'Knowledge of acceptance testing and regression testing procedures', 'beginner');
INSERT INTO knowledge_skill VALUES ('015', 'DDA', 'F', 'Database Tester', 'Knowledge of acceptance testing and regression testing procedures', 'medium');
INSERT INTO knowledge_skill VALUES ('025', 'DDA', 'F', 'Database Tester', 'Knowledge of acceptance testing and regression testing procedures', 'advanced');
INSERT INTO knowledge_skill VALUES ('006', 'NDA', 'G', 'Network Security', 'Knowledge of network operating systems, software and security practices', 'beginner');
INSERT INTO knowledge_skill VALUES ('016', 'NDA', 'G', 'Network Security', 'Knowledge of network operating systems, software and security practices','medium');
INSERT INTO knowledge_skill VALUES ('026', 'NDA', 'G', 'Network Security', 'Knowledge of network operating systems, software and security practices', 'advanced');
INSERT INTO knowledge_skill VALUES ('007', 'PSE', 'D', 'Programmer', 'Knowledge of programming language required for application', 'beginner');
INSERT INTO knowledge_skill VALUES ('017', 'PSE', 'D', 'Programmer', 'Knowledge of programming language required for application', 'medium');
INSERT INTO knowledge_skill VALUES ('027', 'PSE', 'D', 'Programmer', 'Knowledge of programming language required for application', 'advanced');
INSERT INTO knowledge_skill VALUES ('008', 'TS', 'D', 'Help Desk Tech', 'Knowledge of system optimization and diagnostic routines', 'beginner');
INSERT INTO knowledge_skill VALUES ('018', 'TS', 'D', 'Help Desk Tech', 'Knowledge of system optimization and diagnostic routines', 'medium');
INSERT INTO knowledge_skill VALUES ('028', 'TS', 'D', 'Help Desk Tech', 'Knowledge of system optimization and diagnostic routines', 'advanced');
INSERT INTO knowledge_skill VALUES ('009', 'CYS', 'A', 'Infromation Assurance', 'Knowledge of internal and external data/information assurance standards, recommendations and practices', 'beginner');
INSERT INTO knowledge_skill VALUES ('019', 'CYS', 'A', 'Infromation Assurance', 'Knowledge of internal and external data/information assurance standards, recommendations and practices', 'medium');
INSERT INTO knowledge_skill VALUES ('029', 'CYS', 'A', 'Infromation Assurance', 'Knowledge of internal and external data/information assurance standards, recommendations and practices', 'advanced');
INSERT INTO knowledge_skill VALUES ('101', 'CYS', 'D', 'Cyber-Security Trainer', 'Knowledge of training and professional development methods and practices', 'beginner');
INSERT INTO knowledge_skill VALUES ('111', 'CYS', 'D', 'Cyber-Security Trainer', 'Knowledge of training and professional development methods and practices', 'medium');
INSERT INTO knowledge_skill VALUES ('121', 'CYS', 'D', 'Cyber-Security Trainer', 'Knowledge of training and professional development methods and practices', 'advanced');
INSERT INTO knowledge_skill VALUES ('102', 'CYS', 'E', 'Infrastructure Security', 'Identify and assess current and anticipated security risks and vulnerabilities', 'beginner');
INSERT INTO knowledge_skill VALUES ('112', 'CYS', 'E', 'Infrastructure Security', 'Identify and assess current and anticipated security risks and vulnerabilities', 'medium');
INSERT INTO knowledge_skill VALUES ('122', 'CYS', 'E', 'Infrastructure Security', 'Identify and assess current and anticipated security risks and vulnerabilities', 'advanced');
INSERT INTO knowledge_skill VALUES ('103', 'CYS', 'B', 'Systems Security Monitoring', 'Monitor, report and resolve security problems', 'beginner');
INSERT INTO knowledge_skill VALUES ('113', 'CYS', 'B', 'Systems Security Monitoring', 'Monitor, report and resolve security problems', 'medium');
INSERT INTO knowledge_skill VALUES ('123', 'CYS', 'B', 'Systems Security Monitoring', 'Monitor, report and resolve security problems', 'advanced');
INSERT INTO knowledge_skill VALUES ('104', 'WDA', 'B', 'Web Programming', 'Knowledge of tools and techniques to create look and feel of an application or site', 'beginner');
INSERT INTO knowledge_skill VALUES ('114', 'WDA', 'B', 'Web Programming', 'Knowledge of tools and techniques to create look and feel of an application or site', 'medium');
INSERT INTO knowledge_skill VALUES ('124', 'WDA', 'B', 'Web Programming', 'Knowledge of tools and techniques to create look and feel of an application or site', 'advanced');
INSERT INTO knowledge_skill VALUES ('105', 'WDA', 'C', 'Web Managing', 'Ability to analyze organization of information and transfer information between formats', 'beginner');
INSERT INTO knowledge_skill VALUES ('115', 'WDA', 'C', 'Web Managing', 'Ability to analyze organization of information and transfer information between formats', 'medium');
INSERT INTO knowledge_skill VALUES ('125', 'WDA', 'C', 'Web Managing', 'Ability to analyze organization of information and transfer information between formats', 'advanced');
INSERT INTO knowledge_skill VALUES ('106', 'WDA', 'H', 'Web Developer', 'Knowledge of web object design and testing procedures', 'beginner');
INSERT INTO knowledge_skill VALUES ('116', 'WDA', 'H', 'Web Developer', 'Knowledge of web object design and testing procedures', 'medium');
INSERT INTO knowledge_skill VALUES ('126', 'WDA', 'H', 'Web Developer', 'Knowledge of web object design and testing procedures', 'advanced');



INSERT INTO skill_category VALUES ('PSE', 'A', 'Perform Analysis', 'Y');
INSERT INTO skill_category VALUES ('PSE', 'B', 'Develop Structure', 'Y');
INSERT INTO skill_category VALUES ('PSE', 'C', 'Design/Develop Program', 'Y');
INSERT INTO skill_category VALUES ('PSE', 'D', 'Implement Program', 'Y');
INSERT INTO skill_category VALUES ('PSE', 'E', 'Test and Validate Program', 'Y');
INSERT INTO skill_category VALUES ('PSE', 'F', 'Release Product', 'Y');
INSERT INTO skill_category VALUES ('DM', 'A', 'Perform Analysis', 'Y');
INSERT INTO skill_category VALUES ('DM', 'B', 'Produce Visual and Functional Design', 'Y');
INSERT INTO skill_category VALUES ('DM', 'C', 'Perform Media Production and Acquisition', 'Y');
INSERT INTO skill_category VALUES ('DM', 'D', 'Implement Design', 'Y');
INSERT INTO skill_category VALUES ('DM', 'E', 'Test and Deliver Product', 'Y');
INSERT INTO skill_category VALUES ('DDA', 'A', 'Analyze and Design Database', 'Y');
INSERT INTO skill_category VALUES ('DDA', 'B', 'Develop and Implement Database', 'Y');
INSERT INTO skill_category VALUES ('DDA', 'C', 'Perform Administration and Maintenance', 'Y');
INSERT INTO skill_category VALUES ('DDA', 'D', 'Provide Data Assurance', 'Y');
INSERT INTO skill_category VALUES ('DDA', 'E', 'Provide Client and User Services', 'Y');
INSERT INTO skill_category VALUES ('DDA', 'F', 'Perform Database Test', 'Y');
INSERT INTO skill_category VALUES ('NDA', 'A', 'Perform Analysis', 'Y');
INSERT INTO skill_category VALUES ('NDA', 'B', 'Design Network', 'Y');
INSERT INTO skill_category VALUES ('NDA', 'C', 'Configure and Deploy Network', 'Y');
INSERT INTO skill_category VALUES ('NDA', 'D', 'Perform Testing', 'Y');
INSERT INTO skill_category VALUES ('NDA', 'E', 'Manage Network', 'Y');
INSERT INTO skill_category VALUES ('NDA', 'F', 'Maintain Network and Manage Growth', 'Y');
INSERT INTO skill_category VALUES ('NDA', 'G', 'Perform Security Administration', 'Y');
INSERT INTO skill_category VALUES ('TS', 'A', 'Perform Troubleshooting', 'Y');
INSERT INTO skill_category VALUES ('TS', 'B', 'Provide Facilitation and Customer Service', 'Y');
INSERT INTO skill_category VALUES ('TS', 'C', 'Perform HW and SW Installation, Configuration, Upgrades and Network Support', 'Y');
INSERT INTO skill_category VALUES ('TS', 'D', 'Perform System Operation Monitoring and Maintenance', 'Y');
INSERT INTO skill_category VALUES ('CYS', 'A', 'Provide Data Information Assurance', 'Y');
INSERT INTO skill_category VALUES ('CYS', 'B', 'Ensure Infrastructure and Network Security', 'Y');
INSERT INTO skill_category VALUES ('CYS', 'C', 'Develop, Manage and Enforce Security Policies', 'Y');
INSERT INTO skill_category VALUES ('CYS', 'D', 'Perfrom Security Education', 'Y');
INSERT INTO skill_category VALUES ('CYS', 'E', 'Develop and Implement Physical Security, Deterrance and Detection', 'Y');
INSERT INTO skill_category VALUES ('CYS', 'F', 'Perfrom System Design and Analysis', 'Y');
INSERT INTO skill_category VALUES ('WDA', 'A', 'Perform Technical Analysis', 'Y');
INSERT INTO skill_category VALUES ('WDA', 'B', 'Perform Web Programming', 'Y');
INSERT INTO skill_category VALUES ('WDA', 'C', 'Develop, Deliver and Manage Content', 'Y');
INSERT INTO skill_category VALUES ('WDA', 'D', 'Implement and Maintain Site and Applications', 'Y');
INSERT INTO skill_category VALUES ('WDA', 'E', 'Manage Web Environment', 'Y');
INSERT INTO skill_category VALUES ('WDA', 'F', 'Manage Enterprise-wide Web Activities', 'Y');
INSERT INTO skill_category VALUES ('WDA', 'G', 'Perform Testing and Quality Assurance', 'Y');
INSERT INTO skill_category VALUES ('WDA', 'H', 'Develop and Implement Web Database', 'Y');


INSERT INTO develops VALUES ('001', 'PSE', 'D');
INSERT INTO develops VALUES ('011', 'PSE', 'D');
INSERT INTO develops VALUES ('021', 'PSE', 'D');
INSERT INTO develops VALUES ('002', 'PSE', 'E');
INSERT INTO develops VALUES ('012', 'PSE', 'E');
INSERT INTO develops VALUES ('022', 'PSE', 'E');
INSERT INTO develops VALUES ('003', 'DM', 'D');
INSERT INTO develops VALUES ('013', 'DM', 'D');
INSERT INTO develops VALUES ('023', 'DM', 'D');
INSERT INTO develops VALUES ('004', 'DDA', 'B');
INSERT INTO develops VALUES ('014', 'DDA', 'B');
INSERT INTO develops VALUES ('024', 'DDA', 'B');
INSERT INTO develops VALUES ('005', 'DDA', 'F');
INSERT INTO develops VALUES ('015', 'DDA', 'F');
INSERT INTO develops VALUES ('025', 'DDA', 'F');
INSERT INTO develops VALUES ('006', 'NDA', 'G');
INSERT INTO develops VALUES ('016', 'NDA', 'G');
INSERT INTO develops VALUES ('026', 'NDA', 'G');
INSERT INTO develops VALUES ('007', 'PSE', 'D');
INSERT INTO develops VALUES ('017', 'PSE', 'D');
INSERT INTO develops VALUES ('027', 'PSE', 'D');
INSERT INTO develops VALUES ('008', 'TS', 'D');
INSERT INTO develops VALUES ('018', 'TS', 'D');
INSERT INTO develops VALUES ('028', 'TS', 'D');
INSERT INTO develops VALUES ('009', 'CYS', 'A');
INSERT INTO develops VALUES ('019', 'CYS', 'A');
INSERT INTO develops VALUES ('029', 'CYS', 'A');
INSERT INTO develops VALUES ('101', 'CYS', 'D');
INSERT INTO develops VALUES ('111', 'CYS', 'D');
INSERT INTO develops VALUES ('121', 'CYS', 'D');
INSERT INTO develops VALUES ('102', 'CYS', 'E');
INSERT INTO develops VALUES ('112', 'CYS', 'E');
INSERT INTO develops VALUES ('122', 'CYS', 'E');
INSERT INTO develops VALUES ('103', 'CYS', 'B');
INSERT INTO develops VALUES ('113', 'CYS', 'B');
INSERT INTO develops VALUES ('104', 'WDA', 'B');
INSERT INTO develops VALUES ('114', 'WDA', 'B');
INSERT INTO develops VALUES ('124', 'WDA', 'B');
INSERT INTO develops VALUES ('105', 'WDA', 'C');
INSERT INTO develops VALUES ('115', 'WDA', 'C');
INSERT INTO develops VALUES ('125', 'WDA', 'C');
INSERT INTO develops VALUES ('106', 'WDA', 'H');
INSERT INTO develops VALUES ('116', 'WDA', 'H');
INSERT INTO develops VALUES ('126', 'WDA', 'H');


INSERT INTO core_skill VALUES ('15-1211', 'PSE', 'A');
INSERT INTO core_skill VALUES ('15-1211', 'PSE', 'E');
INSERT INTO core_skill VALUES ('15-1211', 'NDA', 'A');
INSERT INTO core_skill VALUES ('15-1211', 'NDA', 'C');
INSERT INTO core_skill VALUES ('15-1211', 'NDA', 'D');
INSERT INTO core_skill VALUES ('15-1211', 'TS', 'A');

INSERT INTO core_skill VALUES ('15-1212', 'PSE', 'A');
INSERT INTO core_skill VALUES ('15-1212', 'PSE', 'E');
INSERT INTO core_skill VALUES ('15-1212', 'NDA', 'A');
INSERT INTO core_skill VALUES ('15-1212', 'NDA', 'D');
INSERT INTO core_skill VALUES ('15-1212', 'NDA', 'F');
INSERT INTO core_skill VALUES ('15-1212', 'NDA', 'G');
INSERT INTO core_skill VALUES ('15-1212', 'CYS', 'A');
INSERT INTO core_skill VALUES ('15-1212', 'CYS', 'B');
INSERT INTO core_skill VALUES ('15-1212', 'CYS', 'C');
INSERT INTO core_skill VALUES ('15-1212', 'CYS', 'E');
INSERT INTO core_skill VALUES ('15-1212', 'TS', 'D');
INSERT INTO core_skill VALUES ('15-1212', 'TS', 'D');

INSERT INTO core_skill VALUES ('15-1221', 'PSE', 'A');
INSERT INTO core_skill VALUES ('15-1221', 'PSE', 'E');
INSERT INTO core_skill VALUES ('15-1221', 'DM', 'A');
INSERT INTO core_skill VALUES ('15-1221', 'DDA', 'A');
INSERT INTO core_skill VALUES ('15-1221', 'NDA', 'A');
INSERT INTO core_skill VALUES ('15-1221', 'NDA', 'D');
INSERT INTO core_skill VALUES ('15-1221', 'NDA', 'G');
INSERT INTO core_skill VALUES ('15-1221', 'TS', 'A');

INSERT INTO core_skill VALUES ('15-1231', 'NDA', 'A');
INSERT INTO core_skill VALUES ('15-1231', 'NDA', 'C');
INSERT INTO core_skill VALUES ('15-1231', 'NDA', 'D');
INSERT INTO core_skill VALUES ('15-1231', 'NDA', 'E');
INSERT INTO core_skill VALUES ('15-1231', 'TS', 'A');

INSERT INTO core_skill VALUES ('15-1232', 'TS', 'B');
INSERT INTO core_skill VALUES ('15-1232', 'TS', 'C');

INSERT INTO core_skill VALUES ('15-1241', 'NDA', 'A');
INSERT INTO core_skill VALUES ('15-1241', 'NDA', 'B');
INSERT INTO core_skill VALUES ('15-1241', 'NDA', 'C');
INSERT INTO core_skill VALUES ('15-1241', 'NDA', 'D');

INSERT INTO core_skill VALUES ('15-1242', 'DDA', 'C');
INSERT INTO core_skill VALUES ('15-1242', 'DDA', 'D');
INSERT INTO core_skill VALUES ('15-1242', 'DDA', 'E');
INSERT INTO core_skill VALUES ('15-1242', 'DDA', 'F');

INSERT INTO core_skill VALUES ('15-1243', 'DDA', 'A');
INSERT INTO core_skill VALUES ('15-1243', 'DDA', 'B');
INSERT INTO core_skill VALUES ('15-1243', 'DDA', 'C');
INSERT INTO core_skill VALUES ('15-1243', 'DDA', 'F');

INSERT INTO core_skill VALUES ('15-1244', 'NDA', 'A');
INSERT INTO core_skill VALUES ('15-1244', 'NDA', 'B');
INSERT INTO core_skill VALUES ('15-1244', 'NDA', 'C');
INSERT INTO core_skill VALUES ('15-1244', 'NDA', 'D');
INSERT INTO core_skill VALUES ('15-1244', 'NDA', 'E');
INSERT INTO core_skill VALUES ('15-1244', 'NDA', 'F');
INSERT INTO core_skill VALUES ('15-1244', 'NDA', 'G');

INSERT INTO core_skill VALUES ('15-1251', 'TS', 'A');
INSERT INTO core_skill VALUES ('15-1251', 'TS', 'C');

INSERT INTO core_skill VALUES ('15-1252', 'PSE', 'B');
INSERT INTO core_skill VALUES ('15-1252', 'PSE', 'C');
INSERT INTO core_skill VALUES ('15-1252', 'PSE', 'D');

INSERT INTO core_skill VALUES ('15-1253', 'PSE', 'A');
INSERT INTO core_skill VALUES ('15-1253', 'PSE', 'E');
INSERT INTO core_skill VALUES ('15-1253', 'PSE', 'F');

INSERT INTO core_skill VALUES ('15-1254', 'DM', 'A');
INSERT INTO core_skill VALUES ('15-1254', 'DM', 'D');
INSERT INTO core_skill VALUES ('15-1254', 'DM', 'E');
INSERT INTO core_skill VALUES ('15-1254', 'WDA', 'B');
INSERT INTO core_skill VALUES ('15-1254', 'WDA', 'C');
INSERT INTO core_skill VALUES ('15-1254', 'WDA', 'D');

INSERT INTO core_skill VALUES ('15-1255', 'WDA', 'A');
INSERT INTO core_skill VALUES ('15-1255', 'WDA', 'E');
INSERT INTO core_skill VALUES ('15-1255', 'WDA', 'F');
INSERT INTO core_skill VALUES ('15-1255', 'WDA', 'G');
INSERT INTO core_skill VALUES ('15-1255', 'WDA', 'H');
INSERT INTO core_skill VALUES ('15-1255', 'DM', 'B');
INSERT INTO core_skill VALUES ('15-1255', 'DM', 'C');

INSERT INTO core_skill VALUES ('15-1291', 'TS', 'A');
INSERT INTO core_skill VALUES ('15-1291', 'TS', 'B');
INSERT INTO core_skill VALUES ('15-1291', 'TS', 'C');
INSERT INTO core_skill VALUES ('15-1291', 'TS', 'D');
INSERT INTO core_skill VALUES ('15-1291', 'PSE', 'C');
INSERT INTO core_skill VALUES ('15-1291', 'PSE', 'D');
INSERT INTO core_skill VALUES ('15-1291', 'NDA', 'E');
INSERT INTO core_skill VALUES ('15-1291', 'NDA', 'C');

INSERT INTO career_cluster VALUES ('PSE', 'A', 'Programming-Software Engineering');
INSERT INTO career_cluster VALUES ('PSE', 'B', 'Programming-Software Engineering');
INSERT INTO career_cluster VALUES ('PSE', 'C', 'Programming-Software Engineering');
INSERT INTO career_cluster VALUES ('PSE', 'D', 'Programming-Software Engineering');
INSERT INTO career_cluster VALUES ('PSE', 'E', 'Programming-Software Engineering');
INSERT INTO career_cluster VALUES ('PSE', 'F', 'Programming-Software Engineering');
INSERT INTO career_cluster VALUES ('DM', 'A', 'Digital Media');
INSERT INTO career_cluster VALUES ('DM', 'B', 'Digital Media');
INSERT INTO career_cluster VALUES ('DM', 'C', 'Digital Media');
INSERT INTO career_cluster VALUES ('DM', 'D', 'Digital Media');
INSERT INTO career_cluster VALUES ('DM', 'E', 'Digital Media');
INSERT INTO career_cluster VALUES ('DDA', 'A', 'Database Administration and Development');
INSERT INTO career_cluster VALUES ('DDA', 'B', 'Database Administration and Development');
INSERT INTO career_cluster VALUES ('DDA', 'C', 'Database Administration and Development');
INSERT INTO career_cluster VALUES ('DDA', 'D', 'Database Administration and Development');
INSERT INTO career_cluster VALUES ('DDA', 'E', 'Database Administration and Development');
INSERT INTO career_cluster VALUES ('DDA', 'F', 'Database Administration and Development');
INSERT INTO career_cluster VALUES ('NDA', 'A', 'Network Design and Administration');
INSERT INTO career_cluster VALUES ('NDA', 'B', 'Network Design and Administration');
INSERT INTO career_cluster VALUES ('NDA', 'C', 'Network Design and Administration');
INSERT INTO career_cluster VALUES ('NDA', 'D', 'Network Design and Administration');
INSERT INTO career_cluster VALUES ('NDA', 'E', 'Network Design and Administration');
INSERT INTO career_cluster VALUES ('NDA', 'F', 'Network Design and Administration');
INSERT INTO career_cluster VALUES ('NDA', 'G', 'Network Design and Administration');
INSERT INTO career_cluster VALUES ('TS', 'A', 'Technical Support');
INSERT INTO career_cluster VALUES ('TS', 'B', 'Technical Support');
INSERT INTO career_cluster VALUES ('TS', 'C', 'Technical Support');
INSERT INTO career_cluster VALUES ('TS', 'D', 'Technical Support');
INSERT INTO career_cluster VALUES ('CYS', 'A', 'CyberSecurity');
INSERT INTO career_cluster VALUES ('CYS', 'B', 'CyberSecurity');
INSERT INTO career_cluster VALUES ('CYS', 'C', 'CyberSecurity');
INSERT INTO career_cluster VALUES ('CYS', 'D', 'CyberSecurity');
INSERT INTO career_cluster VALUES ('CYS', 'E', 'CyberSecurity');
INSERT INTO career_cluster VALUES ('CYS', 'F', 'CyberSecurity');
INSERT INTO career_cluster VALUES ('WDA', 'A', 'Web Development and Administration');
INSERT INTO career_cluster VALUES ('WDA', 'B', 'Web Development and Administration');
INSERT INTO career_cluster VALUES ('WDA', 'C', 'Web Development and Administration');
INSERT INTO career_cluster VALUES ('WDA', 'D', 'Web Development and Administration');
INSERT INTO career_cluster VALUES ('WDA', 'E', 'Web Development and Administration');
INSERT INTO career_cluster VALUES ('WDA', 'F', 'Web Development and Administration');
INSERT INTO career_cluster VALUES ('WDA', 'G', 'Web Development and Administration');
INSERT INTO career_cluster VALUES ('WDA', 'H', 'Web Development and Administration');



INSERT INTO person VALUES ('1234', 'John Doe', 'johndoe@gmail.com', 'male', '5041000');
INSERT INTO person VALUES ('ABCD', 'Jane Doe', 'janedoe@gmail.com', 'female', '5041001');
INSERT INTO person VALUES ('2323', 'Michael Jordan', 'mjordan@gmail.com', 'male', '50694501');
INSERT INTO person VALUES ('9999', 'Drew Brees', 'dadrew@gmail.com', 'male', '5054601');
INSERT INTO person VALUES ('SEGA', 'Mega Man', 'mm@gmail.com', 'male', '5041204');
INSERT INTO person VALUES ('0001', 'Dr. Shengru Tu', 'stu@uno.edu', 'male', '5042801111');

INSERT INTO position VALUES ('12345', 'Net Admin Tech', 'part-time', '26', 'wage', '15-1244', 'hospital');
INSERT INTO position VALUES ('HJIK', 'Network Developer', 'full-time', '100000', 'salary', '15-1241', 'NetRun');
INSERT INTO position VALUES ('2222', 'Network Developer', 'full-time', '90000', 'salary', '15-1255', 'CGI');
INSERT INTO position VALUES ('LMNO', 'Software Tester Manager', 'full-time', '85000', 'salary', '15-1253', 'ACI');
INSERT INTO position VALUES ('lmao', 'Web Designer', 'part-time', '29', 'wage', '15-1255', 'ACI');
INSERT INTO position VALUES ('phone', 'Computer Scientists', 'full-time', '95000', 'salary', '15-1255', 'ATT');
INSERT INTO position VALUES ('1999', 'Webpage Design', 'full-time', '65000', 'salary', '15-1255', 'hyatt');
INSERT INTO position VALUES ('med', 'Junior Network Administrator', 'part-time', '27', 'wage', '15-1244', 'FreMed');
INSERT INTO position VALUES ('bank', 'Senior Cyber-Security Advisor', 'full-time', '85000', 'salary', '15-1212', '1stNBC');
INSERT INTO position VALUES ('6789', 'Database Developer', 'full-time', '75000', 'salary', '15-1243', 'bay');
INSERT INTO position VALUES ('net', 'Network Manager', 'full-time', '80000', 'salary', '15-1231', 'spark');
INSERT INTO position VALUES ('mil', 'Lead Computer Analysts', 'full-time', '78000', 'salary', '15-1211', 'ACI');
INSERT INTO position VALUES ('data', 'Database Master', 'full-time', '98000', 'salary', '15-1242', 'CGI');
INSERT INTO position VALUES ('master', 'CEO', 'full-time', '200000', 'salary', '15-1291', 'ATT');
INSERT INTO position VALUES ('game', 'Graphic Designer', 'full-time', '70000', 'salary', '15-1254', 'sony');
INSERT INTO position VALUES ('tv', 'Tech Support', 'part-time', '24', 'wage', '15-1232', 'sony');
INSERT INTO position VALUES ('car', 'Machine Programmer', 'full-time', '90000', 'salary', '15-1251', 'nissan');
INSERT INTO position VALUES ('retail', 'Network Security', 'full-time', '73000', 'salary', '15-1212', 'sears');


INSERT INTO works VALUES ('1234', '12345', TO_DATE('2010-10-12', 'YYYY-MM-DD'), TO_DATE('2014-11-02', 'YYYY-MM-DD'));
INSERT INTO works VALUES ('1234', 'car', TO_DATE('2005-01-01', 'YYYY-MM-DD'), TO_DATE('2009-01-01', 'YYYY-MM-DD'));
INSERT INTO works VALUES ('ABCD', 'bank', TO_DATE('2012-06-24', 'YYYY-MM-DD'), null);
INSERT INTO works VALUES ('ABCD', 'HJIK', TO_DATE('2009-06-24', 'YYYY-MM-DD'), TO_DATE('2012-04-24', 'YYYY-MM-DD'));
INSERT INTO works VALUES ('2323', '12345', TO_DATE('2011-12-18', 'YYYY-MM-DD'), TO_DATE('2012-04-09', 'YYYY-MM-DD'));
INSERT INTO works VALUES ('2323', 'retail', TO_DATE('2009-12-18', 'YYYY-MM-DD'), TO_DATE('2011-04-09', 'YYYY-MM-DD'));
INSERT INTO works VALUES ('2323', 'HJIK', TO_DATE('2012-05-09', 'YYYY-MM-DD'), null);
INSERT INTO works VALUES ('9999', '12345', TO_DATE('2011-06-18', 'YYYY-MM-DD'), TO_DATE('2012-04-09', 'YYYY-MM-DD'));
INSERT INTO works VALUES ('9999', '1999', TO_DATE('2012-08-09', 'YYYY-MM-DD'), TO_DATE('2012-12-01', 'YYYY-MM-DD'));
INSERT INTO works VALUES ('SEGA', 'phone', TO_DATE('2000-08-18', 'YYYY-MM-DD'), TO_DATE('2008-04-30', 'YYYY-MM-DD'));
INSERT INTO works VALUES ('SEGA', '6789', TO_DATE('2010-06-23', 'YYYY-MM-DD'), TO_DATE('2012-07-25', 'YYYY-MM-DD'));
INSERT INTO works VALUES ('SEGA', 'LMNO', TO_DATE('1997-08-14', 'YYYY-MM-DD'), TO_DATE('2000-05-16', 'YYYY-MM-DD'));
INSERT INTO works VALUES ('SEGA', 'mil', TO_DATE('2006-02-02', 'YYYY-MM-DD'), TO_DATE('2017-02-27', 'YYYY-MM-DD'));
INSERT INTO works VALUES ('0001', 'net', TO_DATE('2014-08-19', 'YYYY-MM-DD'), TO_DATE('2018-02-24', 'YYYY-MM-DD'));
INSERT INTO works VALUES ('0001', 'mil', TO_DATE('2017-03-01', 'YYYY-MM-DD'), null);
INSERT INTO works VALUES ('0001', 'HJIK', TO_DATE('2010-05-02', 'YYYY-MM-DD'), TO_DATE('2012-04-01', 'YYYY-MM-DD'));
INSERT INTO works VALUES ('0001', '2222', TO_DATE('2017-10-20', 'YYYY-MM-DD'), null);
INSERT INTO works VALUES ('0001', '6789', TO_DATE('2005-01-01', 'YYYY-MM-DD'), null);
INSERT INTO works VALUES ('0001', 'tv', TO_DATE('2003-01-01', 'YYYY-MM-DD'), TO_DATE('2005-01-01', 'YYYY-MM-DD'));


INSERT INTO has_skill VALUES('1234', '001');
INSERT INTO has_skill VALUES('1234', '011');
INSERT INTO has_skill VALUES('1234', '007');
INSERT INTO has_skill VALUES('1234', '006');
INSERT INTO has_skill VALUES('1234', '016');
INSERT INTO has_skill VALUES('1234', '026');
INSERT INTO has_skill VALUES('ABCD', '002');
INSERT INTO has_skill VALUES('ABCD', '012');
INSERT INTO has_skill VALUES('ABCD', '022');
INSERT INTO has_skill VALUES('2323', '001');
INSERT INTO has_skill VALUES('2323', '011');
INSERT INTO has_skill VALUES('2323', '008');
INSERT INTO has_skill VALUES('2323', '018');
INSERT INTO has_skill VALUES('9999', '004');
INSERT INTO has_skill VALUES('9999', '014');
INSERT INTO has_skill VALUES('9999', '003');
INSERT INTO has_skill VALUES('9999', '013');
INSERT INTO has_skill VALUES('9999', '023');
INSERT INTO has_skill VALUES('SEGA', '001');
INSERT INTO has_skill VALUES('SEGA', '011');
INSERT INTO has_skill VALUES('SEGA', '021');
INSERT INTO has_skill VALUES('0001', '001');
INSERT INTO has_skill VALUES('0001', '011');
INSERT INTO has_skill VALUES('0001', '021');
INSERT INTO has_skill VALUES('0001', '002');
INSERT INTO has_skill VALUES('0001', '012');
INSERT INTO has_skill VALUES('0001', '022');
INSERT INTO has_skill VALUES('0001', '003');
INSERT INTO has_skill VALUES('0001', '013');
INSERT INTO has_skill VALUES('0001', '023');
INSERT INTO has_skill VALUES('0001', '004');
INSERT INTO has_skill VALUES('0001', '014');
INSERT INTO has_skill VALUES('0001', '024');
INSERT INTO has_skill VALUES('0001', '005');
INSERT INTO has_skill VALUES('0001', '015');
INSERT INTO has_skill VALUES('0001', '025');
INSERT INTO has_skill VALUES('0001', '006');
INSERT INTO has_skill VALUES('0001', '016');
INSERT INTO has_skill VALUES('0001', '026');
INSERT INTO has_skill VALUES('0001', '007');
INSERT INTO has_skill VALUES('0001', '017');
INSERT INTO has_skill VALUES('0001', '027');
INSERT INTO has_skill VALUES('0001', '008');
INSERT INTO has_skill VALUES('0001', '018');



INSERT INTO gics VALUES ('25', 'Consumer Discretionary', 'sector', null, null); 
INSERT INTO gics VALUES ('2520', 'Consumer Durables and Apparel', 'industry group', null, '25'); 
INSERT INTO gics VALUES ('252010', 'Household Durables and Apparel', 'industry', null, '2520');
INSERT INTO gics VALUES ('25201010', 'Consumer Electronics', 'subindustry', 'Manufacturers of consumer electronics products including TVs, home audio equipment, game consoles, digital cameras, and related products. Excludes personal home computer manufacturers classified in the Technology Hardware, Storage and Peripherals Sub-Industry, and electric household appliances classified in the Household Appliances Sub-Industry. ', '252010');
INSERT INTO gics VALUES ('2530', 'Consumer Services', 'industry group', null, '25');
INSERT INTO gics VALUES ('253010', 'Hotels, Restaurants and Leisure', 'industry', null, '2530');
INSERT INTO gics VALUES ('25301020', 'Hotels, Resorts and Cruise Lines', 'subindustry', 'Owners and operators of hotels, resorts anand cruise-ships. Includes travel agencies, tour operators and related services not classified elsewhere. Excludes casino-hyatts classified in the Casinos and Gaming Sub-Industry. ', '253010');
INSERT INTO gics VALUES ('2550', 'Retailing', 'industry group', null, '25');
INSERT INTO gics VALUES ('255010', 'Distributors', 'industry', null, '2550');
INSERT INTO gics VALUES ('25501010', 'Distributors', 'subindustry', 'Distributors and wholesalers of general merchandise not classified elsewhere. Includes vehicle distributors. ', '255010');
INSERT INTO gics VALUES ('35', 'Health Care', 'sector', null, null);
INSERT INTO gics VALUES ('3510', 'Health Care Equipment and Services', 'industry group', null, '35');
INSERT INTO gics VALUES ('351020', 'Health Care Providers and Services', 'industry', null, '3510');
INSERT INTO gics VALUES ('35102020', 'Health Care Facilities', 'subindustry', 'Owners and operators of healthcare facilities, including hospitals, nursing homes, rehabilitation centers and animal hosiptals.', '351020');
INSERT INTO gics VALUES ('40', 'Financials', 'sector', null, null);
INSERT INTO gics VALUES ('4010', 'Banks', 'industry group', null, '40');
INSERT INTO gics VALUES ('401010', 'Banks', 'industry', null, '4010');
INSERT INTO gics VALUES ('40101015', 'Regional Banks', 'subindustry', 'Commercial banks whose businesses are derived primarily from conventional banking operations and have significant business activity in retail banking and small and medium corporate lending. Regional banks tend to operate in limited geographic regions. Excludes companies classified in the Diversified Banks and Thrifts and Mortgage Banks sub-industries. Also excludes investment banks classified in the Investment Banking and Brokerage Sub-Industry.', '401010');
INSERT INTO gics VALUES ('45', 'Information Technology', 'sector', null, null);
INSERT INTO gics VALUES ('4510', 'Software and Services', 'industry group', null, '45');
INSERT INTO gics VALUES ('451020', 'IT Services', 'industry', null, '4510');
INSERT INTO gics VALUES ('45102010', 'IT Consulting and Other Services', 'subindustry', 'Providers of information technology and systems integration services not classified in the Data Processing and Outsourced Services or Internet Software and Services Sub-Industries.  Includes information technology consulting and information management services.', '451020');
INSERT INTO gics VALUES ('451030', 'Software', 'industry', null, '4510');
INSERT INTO gics VALUES ('45103010', 'Application Software', 'subindustry', 'Companies engaged in developing and producing software designed for specialized applications for the business or consumer market. Includes enterprise and technical software, as well as cloud-based software. Excludes companies classified in the Interactive Home Entertainment Sub-Industry. Also excludes companies producing systems or database management software classified in the Systems Software Sub-Industry.', '451030');
INSERT INTO gics VALUES ('45103020', 'Systems Software', 'subindustry', 'Companies engaged in developing and producing systems and database management software.', '451030');
INSERT INTO gics VALUES ('50', 'Communication Services', 'sector', null, null);
INSERT INTO gics VALUES ('5010', 'Telecommunication Services', 'industry group', null, '50');
INSERT INTO gics VALUES ('501010', 'Diversified Telecommunication Services', 'industry', null, '5010');
INSERT INTO gics VALUES ('50101010', 'Alternative Carriers', 'subindustry', 'Providers of communications and high-density data transmission services primarily through a high bandwidth/fiber-optic cable network.', '501010');

INSERT INTO belongs_to VALUES ('25201010', '252010');
INSERT INTO belongs_to VALUES ('252010', '2520');
INSERT INTO belongs_to VALUES ('2520', '25');
INSERT INTO belongs_to VALUES ('25301020', '253010');
INSERT INTO belongs_to VALUES ('253010', '2530');
INSERT INTO belongs_to VALUES ('2530', '25');
INSERT INTO belongs_to VALUES ('25501010', '255010');
INSERT INTO belongs_to VALUES ('255010', '2550');
INSERT INTO belongs_to VALUES ('2550', '25');
INSERT INTO belongs_to VALUES ('35102020', '351020');
INSERT INTO belongs_to VALUES ('351020', '3510');
INSERT INTO belongs_to VALUES ('3510', '35');
INSERT INTO belongs_to VALUES ('40101015', '401010');
INSERT INTO belongs_to VALUES ('401010', '4010');
INSERT INTO belongs_to VALUES ('4010', '40');
INSERT INTO belongs_to VALUES ('45102010', '451020');
INSERT INTO belongs_to VALUES ('451020', '4510');
INSERT INTO belongs_to VALUES ('45103010', '451030');
INSERT INTO belongs_to VALUES ('45103020', '451030');
INSERT INTO belongs_to VALUES ('451030', '4510');
INSERT INTO belongs_to VALUES ('4510', '45');
INSERT INTO belongs_to VALUES ('50101010', '501010');
INSERT INTO belongs_to VALUES ('501010', '5010');
INSERT INTO belongs_to VALUES ('5010', '50');

INSERT INTO company VALUES ('bay', '3510', 'www.baystate.com');
INSERT INTO company VALUES ('ATT', '5010', 'www.att.com');
INSERT INTO company VALUES ('hyatt', '2530', 'www.hyatt.com');
INSERT INTO company VALUES ('ACI', '4510', 'www.acifed.com');
INSERT INTO company VALUES ('spark', '4510', 'www.sparkhound.com');
INSERT INTO company VALUES ('hospital', '3510', 'www.childrenshospital.com');
INSERT INTO company VALUES ('1stNBC', '4010', 'www.firstnbcbank.com');
INSERT INTO company VALUES ('CGI', '4510', 'www.cgi.com');
INSERT INTO company VALUES ('FreMed', '3510', 'www.freseniusmedicalcare.com');
INSERT INTO company VALUES ('NetRun', '4510', 'www.networkrunners.com');
INSERT INTO company VALUES ('sony', '2520', 'www.sony.com');
INSERT INTO company VALUES ('nissan', '2550', 'www.nissan.com');
INSERT INTO company VALUES ('sears', '2550', 'www.sears.com');
INSERT INTO company VALUES ('NoCompany', null, null);

INSERT INTO industry_company VALUES ('252010', 'sony');
INSERT INTO industry_company VALUES ('253010', 'hyatt');
INSERT INTO industry_company VALUES ('255010', 'nissan');
INSERT INTO industry_company VALUES ('255010', 'sears');
INSERT INTO industry_company VALUES ('351020', 'hospital');
INSERT INTO industry_company VALUES ('351020', 'FreMed');
INSERT INTO industry_company VALUES ('351020', 'bay');
INSERT INTO industry_company VALUES ('401010', '1stNBC');
INSERT INTO industry_company VALUES ('451020', 'ACI');
INSERT INTO industry_company VALUES ('451020', 'CGI');
INSERT INTO industry_company VALUES ('451020', 'spark');
INSERT INTO industry_company VALUES ('451030', 'spark');
INSERT INTO industry_company VALUES ('451030', 'NetRun');
INSERT INTO industry_company VALUES ('451030', 'CGI');
INSERT INTO industry_company VALUES ('451030', 'ACI');
INSERT INTO industry_company VALUES ('501010', 'ATT');

INSERT INTO industry_group VALUES ('2520', 'sony');
INSERT INTO industry_group VALUES ('2530', 'hyatt');
INSERT INTO industry_group VALUES ('2550', 'nissan');
INSERT INTO industry_group VALUES ('2550', 'sears');
INSERT INTO industry_group VALUES ('3510', 'bay');
INSERT INTO industry_group VALUES ('3510', 'hospital');
INSERT INTO industry_group VALUES ('3510', 'FreMed');
INSERT INTO industry_group VALUES ('4010', '1stNBC');
INSERT INTO industry_group VALUES ('4510', 'spark');
INSERT INTO industry_group VALUES ('4510', 'ACI');
INSERT INTO industry_group VALUES ('4510', 'CGI');
INSERT INTO industry_group VALUES ('4510', 'NetRun');
INSERT INTO industry_group VALUES ('5010', 'ATT');

INSERT INTO comp_pos VALUES ('12345', 'hospital');
INSERT INTO comp_pos VALUES ('HJIK', 'NetRun');
INSERT INTO comp_pos VALUES ('2222', 'CGI');
INSERT INTO comp_pos VALUES ('LMNO', 'ACI');
INSERT INTO comp_pos VALUES ('lmao', 'ACI');
INSERT INTO comp_pos VALUES ('phone', 'ATT');
INSERT INTO comp_pos VALUES ('1999', 'hyatt');
INSERT INTO comp_pos VALUES ('med', 'FreMed');
INSERT INTO comp_pos VALUES ('bank', '1stNBC');
INSERT INTO comp_pos VALUES ('6789', 'bay');
INSERT INTO comp_pos VALUES ('net', 'spark');
INSERT INTO comp_pos VALUES ('mil', 'ACI');
INSERT INTO comp_pos VALUES ('data', 'CGI');
INSERT INTO comp_pos VALUES ('master', 'ATT');
INSERT INTO comp_pos VALUES ('game', 'sony');
INSERT INTO comp_pos VALUES ('tv', 'sony');
INSERT INTO comp_pos VALUES ('car', 'nissan');
INSERT INTO comp_pos VALUES ('retail', 'sears');

INSERT INTO job_pos VALUES ('12345', '15-1244');
INSERT INTO job_pos VALUES ('HJIK', '15-1241');
INSERT INTO job_pos VALUES ('2222', '15-1241');
INSERT INTO job_pos VALUES ('LMNO', '15-1253');
INSERT INTO job_pos VALUES ('lmao', '15-1255');
INSERT INTO job_pos VALUES ('phone', '15-1221');
INSERT INTO job_pos VALUES ('1999', '15-1255');
INSERT INTO job_pos VALUES ('med', '15-1244');
INSERT INTO job_pos VALUES ('bank', '15-1212');
INSERT INTO job_pos VALUES ('6789', '15-1243');
INSERT INTO job_pos VALUES ('net', '15-1231');
INSERT INTO job_pos VALUES ('mil', '15-1211');
INSERT INTO job_pos VALUES ('data', '15-1242');
INSERT INTO job_pos VALUES ('master', '15-1291');
INSERT INTO job_pos VALUES ('game', '15-1254');
INSERT INTO job_pos VALUES ('tv', '15-1232');
INSERT INTO job_pos VALUES ('car', '15-1251');
INSERT INTO job_pos VALUES ('retail', '15-1212');

INSERT INTO requires VALUES ('12345', '007', 'yes');
INSERT INTO requires VALUES ('12345', '004', 'yes');
INSERT INTO requires VALUES ('12345', '005', 'no');
INSERT INTO requires VALUES ('HJIK', '021', 'yes');
INSERT INTO requires VALUES ('HJIK', '026', 'yes');
INSERT INTO requires VALUES ('2222', '006', 'yes');
INSERT INTO requires VALUES ('LMNO', '022', 'yes');
INSERT INTO requires VALUES ('lmao', '013', 'yes');
INSERT INTO requires VALUES ('phone', '027', 'yes');
INSERT INTO requires VALUES ('1999', '023', 'yes');
INSERT INTO requires VALUES ('med', '028', 'yes');
INSERT INTO requires VALUES ('bank', '026', 'yes');
INSERT INTO requires VALUES ('6789', '024', 'yes');
INSERT INTO requires VALUES ('net', '018',  'yes');
INSERT INTO requires VALUES ('mil', '011', 'yes');
INSERT INTO requires VALUES ('data', '004', 'yes');
INSERT INTO requires VALUES ('data', '014', 'yes');
INSERT INTO requires VALUES ('data', '024', 'yes');
INSERT INTO requires VALUES ('data', '005', 'yes');
INSERT INTO requires VALUES ('data', '015', 'yes');
INSERT INTO requires VALUES ('data', '025', 'yes');
INSERT INTO requires VALUES ('master', '001', 'yes');
INSERT INTO requires VALUES ('master', '011', 'yes');
INSERT INTO requires VALUES ('master', '021', 'yes');
INSERT INTO requires VALUES ('master', '002', 'yes');
INSERT INTO requires VALUES ('master', '012', 'yes');
INSERT INTO requires VALUES ('master', '022', 'yes');
INSERT INTO requires VALUES ('master', '003', 'yes');
INSERT INTO requires VALUES ('master', '013', 'yes');
INSERT INTO requires VALUES ('master', '023', 'yes');
INSERT INTO requires VALUES ('master', '004', 'yes');
INSERT INTO requires VALUES ('master', '014', 'yes');
INSERT INTO requires VALUES ('master', '024', 'yes');
INSERT INTO requires VALUES ('master', '005', 'yes');
INSERT INTO requires VALUES ('master', '015', 'yes');
INSERT INTO requires VALUES ('master', '025', 'yes');
INSERT INTO requires VALUES ('master', '006', 'yes');
INSERT INTO requires VALUES ('master', '016', 'yes');
INSERT INTO requires VALUES ('master', '026', 'yes');
INSERT INTO requires VALUES ('master', '007', 'yes');
INSERT INTO requires VALUES ('master', '017', 'yes');
INSERT INTO requires VALUES ('master', '027', 'yes');
INSERT INTO requires VALUES ('master', '008', 'yes');
INSERT INTO requires VALUES ('master', '018', 'yes');
INSERT INTO requires VALUES ('master', '028', 'yes');
INSERT INTO requires VALUES ('game', '115', 'yes');
INSERT INTO requires VALUES ('game', '023', 'yes');
INSERT INTO requires VALUES ('game', '126', 'yes');
INSERT INTO requires VALUES ('tv', '028', 'yes');
INSERT INTO requires VALUES ('car', '028', 'yes');
INSERT INTO requires VALUES ('retail', '021', 'yes');
INSERT INTO requires VALUES ('retail', '027', 'yes');
INSERT INTO requires VALUES ('retail', '126', 'yes');


INSERT INTO course VALUES ('CS11', 'Computer Programming 1', 'Introductory programming course.', 'Active', '110');
INSERT INTO course VALUES ('CS12', 'Advance Wed Applications', 'Advance web development course.', 'Active', '280');
INSERT INTO course VALUES ('CS13', 'Image Processing', 'An introduction to processing images.', 'Active', '220');
INSERT INTO course VALUES ('CS15', 'Robotics', 'An introduction to robots development.', 'Active', '200');
INSERT INTO course VALUES ('CS19', 'Intro to Software Development','An introduction to writing software code and implementation.', 'Active', '190');
INSERT INTO course VALUES ('CS20', 'Computer Programming 2', 'Intermediate programming course.', 'Expired', null);
INSERT INTO course VALUES ('CS21', 'Computer Programming 2', 'Intermediate programming course.', 'Active', '160');
INSERT INTO course VALUES ('CS23', 'Game Design', 'Receive fundamentals to game design and development.', 'Active', '200');
INSERT INTO course VALUES ('CS29', 'Systems', 'Teaches the fundamentals of systems processes and C language', 'Active', '180');
INSERT INTO course VALUES ('CS31', 'Database System and Modules', 'Understanding of SQL query and database design and development.', 'Active', '300');
INSERT INTO course VALUES ('CS37', 'Algorithms', 'In-depth look into algorithm run-time and space complexity.', 'Active', '110');
INSERT INTO course VALUES ('CS41', 'Networks', 'An introduction to Networking protocols, fundamentals, and connectivity.', 'Active', '150');
INSERT INTO course VALUES ('CS44', 'Cyber Security', 'Learn aspects of computer security history, breaches, and techniques.', 'Active', '170');
INSERT INTO course VALUES ('CS50', 'Algorithms 2', 'Teaches students how to analyze run-time complexity.', 'Expired', null);
INSERT INTO course VALUES ('CS51', 'Algorithms Concepts', 'Teaches students how to analyze run-time complexity.', 'Active', '115');
INSERT INTO course VALUES ('CS60', 'Advanced Security Principles', 'Understanding of Complex CyberSecuirty practices.', 'Active', '250');

INSERT INTO teaches VALUES ('CS11', '002');
INSERT INTO teaches VALUES ('CS11', '012');
INSERT INTO teaches VALUES ('CS11', '007');

INSERT INTO teaches VALUES ('CS12', '124');
INSERT INTO teaches VALUES ('CS12', '125');
INSERT INTO teaches VALUES ('CS12', '126');

INSERT INTO teaches VALUES ('CS13', '003');
INSERT INTO teaches VALUES ('CS13', '013');
INSERT INTO teaches VALUES ('CS13', '104');
INSERT INTO teaches VALUES ('CS13', '114');
INSERT INTO teaches VALUES ('CS13', '106');
INSERT INTO teaches VALUES ('CS13', '116');

INSERT INTO teaches VALUES ('CS15', '021');
INSERT INTO teaches VALUES ('CS15', '027');

INSERT INTO teaches VALUES ('CS19', '001');
INSERT INTO teaches VALUES ('CS19', '008');
INSERT INTO teaches VALUES ('CS19', '018');

INSERT INTO teaches VALUES ('CS20', '023');

INSERT INTO teaches VALUES ('CS21', '023');
INSERT INTO teaches VALUES ('CS21', '011');
INSERT INTO teaches VALUES ('CS21', '021');

INSERT INTO teaches VALUES ('CS23', '021');
INSERT INTO teaches VALUES ('CS23', '105');
INSERT INTO teaches VALUES ('CS23', '115');

INSERT INTO teaches VALUES ('CS29', '017');
INSERT INTO teaches VALUES ('CS29', '012');

INSERT INTO teaches VALUES ('CS31', '004');
INSERT INTO teaches VALUES ('CS31', '014');
INSERT INTO teaches VALUES ('CS31', '024');
INSERT INTO teaches VALUES ('CS31', '005');
INSERT INTO teaches VALUES ('CS31', '015');
INSERT INTO teaches VALUES ('CS31', '025');

INSERT INTO teaches VALUES ('CS37', '006');
INSERT INTO teaches VALUES ('CS37', '012');

INSERT INTO teaches VALUES ('CS41', '016');
INSERT INTO teaches VALUES ('CS41', '026');
INSERT INTO teaches VALUES ('CS41', '028');

INSERT INTO teaches VALUES ('CS44', '101');
INSERT INTO teaches VALUES ('CS44', '111');
INSERT INTO teaches VALUES ('CS44', '121');
INSERT INTO teaches VALUES ('CS44', '102');
INSERT INTO teaches VALUES ('CS44', '112');
INSERT INTO teaches VALUES ('CS44', '103');
INSERT INTO teaches VALUES ('CS44', '113');

INSERT INTO teaches VALUES ('CS50', '022');

INSERT INTO teaches VALUES ('CS51', '022');

INSERT INTO teaches VALUES ('CS60', '122');
INSERT INTO teaches VALUES ('CS60', '123');


INSERT INTO prerequisite VALUES ('CS11', 'none');
INSERT INTO prerequisite VALUES ('CS12', 'CS23');
INSERT INTO prerequisite VALUES ('CS13', 'none');
INSERT INTO prerequisite VALUES ('CS15', 'CS21');
INSERT INTO prerequisite VALUES ('CS15', 'CS19');
INSERT INTO prerequisite VALUES ('CS19', 'none');
INSERT INTO prerequisite VALUES ('CS20', 'none');
INSERT INTO prerequisite VALUES ('CS21', 'CS11');
INSERT INTO prerequisite VALUES ('CS23', 'CS11');
INSERT INTO prerequisite VALUES ('CS23', 'CS13');
INSERT INTO prerequisite VALUES ('CS29', 'CS11');
INSERT INTO prerequisite VALUES ('CS31', 'CS21');
INSERT INTO prerequisite VALUES ('CS37', 'CS19');
INSERT INTO prerequisite VALUES ('CS41', 'CS29');
INSERT INTO prerequisite VALUES ('CS44', 'CS29');
INSERT INTO prerequisite VALUES ('CS50', 'none');
INSERT INTO prerequisite VALUES ('CS51', 'CS37');
INSERT INTO prerequisite VALUES ('CS60', 'CS44');

INSERT INTO section VALUES ('CS11', '6', '2016', TO_DATE('2016-08-05', 'YYYY-MM-DD'), 'University of New Orleans', 'correspondence', '110');
INSERT INTO section VALUES ('CS12', '6', '2018', TO_DATE('2018-08-05', 'YYYY-MM-DD'), 'University of New Orleans', 'classroom', '280');
INSERT INTO section VALUES ('CS13', '1', '2016', TO_DATE('2016-08-05', 'YYYY-MM-DD'), 'University of New Orleans', 'correspondence', '220');
INSERT INTO section VALUES ('CS15', '4', '2017', TO_DATE('2017-05-15', 'YYYY-MM-DD'), 'University of New Orleans', 'online-sync', '200');
INSERT INTO section VALUES ('CS19', '7', '2018', TO_DATE('2018-12-05', 'YYYY-MM-DD'), 'University of New Orleans', 'online-selfpaced', '190');
INSERT INTO section VALUES ('CS20', '6', '2016', TO_DATE('2016-08-05', 'YYYY-MM-DD'), 'University of New Orleans', 'classroom', null);
INSERT INTO section VALUES ('CS21', '2', '2018', TO_DATE('2018-12-05', 'YYYY-MM-DD'), 'University of New Orleans', 'classroom', '160');
INSERT INTO section VALUES ('CS23', '6', '2017', TO_DATE('2017-05-15', 'YYYY-MM-DD'), 'University of New Orleans', 'online-sync', '200');
INSERT INTO section VALUES ('CS29', '2', '2018', TO_DATE('2018-12-05', 'YYYY-MM-DD'), 'University of New Orleans', 'classroom', '180');
INSERT INTO section VALUES ('CS31', '3', '2018', TO_DATE('2018-12-05', 'YYYY-MM-DD'), 'University of New Orleans', 'online-sync', '300');
INSERT INTO section VALUES ('CS37', '5', '2018', TO_DATE('2018-12-05', 'YYYY-MM-DD'), 'University of New Orleans', 'classroom', '110');
INSERT INTO section VALUES ('CS41', '4', '2017', TO_DATE('2017-05-15', 'YYYY-MM-DD'), 'University of New Orleans', 'online-selfpaced', '150');
INSERT INTO section VALUES ('CS44', '1', '2019', TO_DATE('2019-08-05', 'YYYY-MM-DD'), 'University of New Orleans', 'online-selfpaced', '170');
INSERT INTO section VALUES ('CS50', '9', '2018', TO_DATE('2018-12-05', 'YYYY-MM-DD'), 'University of New Orleans', 'online-sync', null);
INSERT INTO section VALUES ('CS51', '2', '2016', TO_DATE('2016-08-05', 'YYYY-MM-DD'), 'University of New Orleans', 'classroom', '115');
INSERT INTO section VALUES ('CS60', '2', '2018', TO_DATE('2018-08-05', 'YYYY-MM-DD'), 'University of New Orleans', 'classroom', '250');

INSERT INTO takes VALUES ('9999', 'CS19', '7', TO_DATE('2018-12-05', 'YYYY-MM-DD'));
INSERT INTO takes VALUES ('9999', 'CS31', '3', TO_DATE('2018-12-05', 'YYYY-MM-DD'));
INSERT INTO takes VALUES ('SEGA', 'CS15', '4', TO_DATE('2017-05-15', 'YYYY-MM-DD'));
INSERT INTO takes VALUES ('1234', 'CS15', '4', TO_DATE('2017-05-15', 'YYYY-MM-DD'));
INSERT INTO takes VALUES ('ABCD', 'CS37', '5', TO_DATE('2018-12-05', 'YYYY-MM-DD'));
INSERT INTO takes VALUES ('ABCD', 'CS41', '4', TO_DATE('2017-05-15', 'YYYY-MM-DD'));
INSERT INTO takes VALUES ('ABCD', 'CS44', '1', TO_DATE('2019-08-05', 'YYYY-MM-DD'));

COMMIT;
